rank,url,ads
8,youtube.com,TRUE
12,twitter.com,TRUE
20,doubleclick.net,TRUE
34,fastly.net,TRUE
37,bing.com,TRUE
41,youtu.be,TRUE
42,digicert.com,TRUE
43,ui.com,TRUE
46,yahoo.com,TRUE
47,mail.ru,TRUE
53,adobe.com,TRUE
54,goo.gl,TRUE
57,spotify.com,TRUE
59,google-analytics.com,TRUE
61,vimeo.com,TRUE
63,shipt.com,TRUE
67,bit.ly,TRUE
68,msn.com,TRUE
73,intuit.com,TRUE
77,yandex.net,TRUE
79,ntp.org,TRUE
84,qq.com,TRUE
89,opera.com,TRUE
98,yandex.ru,TRUE
100,baidu.com,TRUE
101,amazon-adsystem.com,TRUE
106,nih.gov,TRUE
107,tumblr.com,TRUE
109,nic.ru,TRUE
120,sberdevices.ru,TRUE
123,nytimes.com,TRUE
128,webex.com,TRUE
130,criteo.com,TRUE
131,flickr.com,TRUE
133,samsung.com,TRUE
141,vk.com,TRUE
147,zemanta.com,TRUE
149,rubiconproject.com,TRUE
151,tds.net,TRUE
153,amazonvideo.com,TRUE
154,salesforce.com,TRUE
159,cnn.com,TRUE
167,theguardian.com,TRUE
170,ebay.com,TRUE
172,forbes.com,TRUE
180,taboola.com,TRUE
183,bbc.co.uk,TRUE
184,pubmatic.com,TRUE
191,slack.com,TRUE
195,mcafee.com,TRUE
199,rambler.ru,TRUE
200,bbc.com,TRUE
201,att.com,TRUE
206,doubleverify.com,TRUE
207,imdb.com,TRUE
208,mit.edu,TRUE
210,cisco.com,TRUE
214,nginx.com,TRUE
216,twitch.tv,TRUE
223,smartadserver.com,TRUE
224,who.int,TRUE
228,scorecardresearch.com,TRUE
231,userapi.com,TRUE
237,amazon.co.uk,TRUE
243,android.com,TRUE
248,tinyurl.com,TRUE
251,openx.net,TRUE
253,hipages.com.au,TRUE
256,comfortel.pro,TRUE
258,weebly.com,TRUE
259,washingtonpost.com,TRUE
265,trendmicro.com,TRUE
267,shopify.com,TRUE
268,harvard.edu,TRUE
270,dailymail.co.uk,TRUE
273,go.com,TRUE
274,3lift.com,TRUE
277,sharethrough.com,TRUE
278,avast.com,TRUE
281,dnsmadeeasy.com,TRUE
285,force.com,TRUE
289,linktr.ee,TRUE
290,espn.com,TRUE
291,drom.ru,TRUE
293,reg.ru,TRUE
299,vungle.com,TRUE
300,bloomberg.com,TRUE
302,etsy.com,TRUE
306,wsj.com,TRUE
310,nature.com,TRUE
311,wbx2.com,TRUE
314,branch.io,TRUE
317,businessinsider.com,TRUE
319,eset.com,TRUE
320,adriver.ru,TRUE
322,indeed.com,TRUE
323,crashlytics.com,TRUE
326,checkpoint.com,TRUE
327,un.org,TRUE
329,weather.com,TRUE
330,unsplash.com,TRUE
334,yahoo.co.jp,TRUE
335,dotomi.com,TRUE
337,dailymotion.com,TRUE
342,stanford.edu,TRUE
346,nasa.gov,TRUE
357,cnbc.com,TRUE
361,ea.com,TRUE
362,stackoverflow.com,TRUE
365,netangels.ru,TRUE
368,cpanel.net,TRUE
369,sophos.com,TRUE
373,foxnews.com,TRUE
380,1c.ru,TRUE
387,npr.org,TRUE
388,wix.com,TRUE
389,aliexpress.com,TRUE
393,sohu.com,TRUE
395,time.com,TRUE
396,usatoday.com,TRUE
398,walmart.com,TRUE
404,taobao.com,TRUE
408,g.page,TRUE
411,robinhood.com,TRUE
415,arubanetworks.com,TRUE
421,hostgator.com,TRUE
422,pixabay.com,TRUE
424,autodesk.com,TRUE
427,cnet.com,TRUE
432,ups.com,TRUE
433,aol.com,TRUE
435,scribd.com,TRUE
436,healthline.com,TRUE
443,nvidia.com,TRUE
444,bitrix24.ru,TRUE
446,dzen.ru,TRUE
447,speedtest.net,TRUE
451,naver.com,TRUE
452,wired.com,TRUE
454,ngenix.net,TRUE
455,alibaba.com,TRUE
458,ok.ru,TRUE
459,mayoclinic.org,TRUE
460,ted.com,TRUE
468,indiatimes.com,TRUE
471,viber.com,TRUE
473,gosuslugi.ru,TRUE
474,deepintent.com,TRUE
478,imgsmail.ru,TRUE
481,hotjar.com,TRUE
483,disqus.com,TRUE
485,newrelic.com,TRUE
487,buzzfeed.com,TRUE
488,independent.co.uk,TRUE
491,consultant.ru,TRUE
492,webmd.com,TRUE
494,squarespace.com,TRUE
496,amazon.co.jp,TRUE
498,marriott.com,TRUE
499,entrust.net,TRUE
504,mediatek.com,TRUE
509,cbsnews.com,TRUE
510,sapo.pt,TRUE
511,mailchimp.com,TRUE
512,nypost.com,TRUE
514,aboutads.info,TRUE
517,yelp.com,TRUE
521,intel.com,TRUE
522,paloaltonetworks.com,TRUE
523,shutterstock.com,TRUE
525,163.com,TRUE
526,airbnb.com,TRUE
531,huawei.com,TRUE
533,playstation.com,TRUE
534,tandfonline.com,TRUE
535,rakuten.co.jp,TRUE
538,free.fr,TRUE
539,duolingo.com,TRUE
540,braze.com,TRUE
541,fast.com,TRUE
542,conviva.com,TRUE
544,xhamster.com,TRUE
545,nest.com,TRUE
547,ivi.ru,TRUE
551,sina.com.cn,TRUE
553,patreon.com,TRUE
555,theverge.com,TRUE
559,calendly.com,TRUE
561,amplitude.com,TRUE
562,nike.com,TRUE
564,timeweb.ru,TRUE
566,freepik.com,TRUE
571,noaa.gov,TRUE
572,yandex.com,TRUE
573,merriam-webster.com,TRUE
578,latimes.com,TRUE
584,fontawesome.com,TRUE
588,qualtrics.com,TRUE
591,wattpad.com,TRUE
594,mts.ru,TRUE
598,yieldmo.com,TRUE
601,rt.ru,TRUE
602,livejournal.com,TRUE
603,yahoo.net,TRUE
607,prnewswire.com,TRUE
613,britannica.com,TRUE
615,target.com,TRUE
619,intercom.io,TRUE
620,bestbuy.com,TRUE
623,livechatinc.com,TRUE
625,okta.com,TRUE
626,optimizely.com,TRUE
627,nbcnews.com,TRUE
630,bugsnag.com,TRUE
633,washington.edu,TRUE
635,stackadapt.com,TRUE
640,fandom.com,TRUE
644,w3schools.com,TRUE
646,fda.gov,TRUE
647,coinmarketcap.com,TRUE
648,uber.com,TRUE
651,thesun.co.uk,TRUE
656,contextweb.com,TRUE
657,mediafire.com,TRUE
658,investopedia.com,TRUE
660,33across.com,TRUE
671,theatlantic.com,TRUE
672,themeforest.net,TRUE
673,hbr.org,TRUE
678,shein.com,TRUE
681,pornhub.com,TRUE
692,unesco.org,TRUE
697,xvideos.com,TRUE
698,nationalgeographic.com,TRUE
700,maricopa.gov,TRUE
701,cambridge.org,TRUE
702,jotform.com,TRUE
707,mixpanel.com,TRUE
709,name.com,TRUE
711,datto.com,TRUE
712,tremorhub.com,TRUE
713,usda.gov,TRUE
714,ign.com,TRUE
715,youku.com,TRUE
716,telekom.de,TRUE
718,lenovo.com,TRUE
719,lemonde.fr,TRUE
721,fiverr.com,TRUE
723,me.com,TRUE
724,mailchi.mp,TRUE
725,zillow.com,TRUE
729,people.com,TRUE
730,rackspace.com,TRUE
733,pbs.org,TRUE
735,usps.com,TRUE
736,notion.so,TRUE
738,cloudns.net,TRUE
739,a-mo.net,TRUE
740,swrve.com,TRUE
745,bitdefender.com,TRUE
746,bluehost.com,TRUE
747,rbc.ru,TRUE
750,rspamd.com,TRUE
751,business.site,TRUE
760,pluto.tv,TRUE
761,aniview.com,TRUE
762,kargo.com,TRUE
764,nordvpn.com,TRUE
767,t-online.de,TRUE
768,onlinepbx.ru,TRUE
769,xfinity.com,TRUE
772,mgid.com,TRUE
776,news.com.au,TRUE
777,ebay.co.uk,TRUE
778,hm.com,TRUE
780,intentiq.com,TRUE
782,xnxx.com,TRUE
783,dreamhost.com,TRUE
785,lefigaro.fr,TRUE
787,change.org,TRUE
792,mirtesen.ru,TRUE
794,cdnvideo.ru,TRUE
802,indexww.com,TRUE
803,connatix.com,TRUE
806,fedex.com,TRUE
821,adjust.com,TRUE
824,bild.de,TRUE
826,academia.edu,TRUE
829,service-now.com,TRUE
833,seznam.cz,TRUE
840,worldbank.org,TRUE
846,erome.com,TRUE
848,instructure.com,TRUE
852,canonical.com,TRUE
855,sonobi.com,TRUE
860,state.gov,TRUE
861,netgear.com,TRUE
862,pendo.io,TRUE
863,deloitte.com,TRUE
870,pusher.com,TRUE
871,shopee.co.id,TRUE
872,globalsign.com,TRUE
873,daum.net,TRUE
874,tribalfusion.com,TRUE
876,economist.com,TRUE
879,hilton.com,TRUE
882,repubblica.it,TRUE
885,springserve.com,TRUE
886,lowes.com,TRUE
887,biblegateway.com,TRUE
888,classlink.com,TRUE
891,wikihow.com,TRUE
892,amazon.com.br,TRUE
893,columbia.edu,TRUE
895,segment.io,TRUE
899,ya.ru,TRUE
900,discogs.com,TRUE
905,ebay.de,TRUE
908,avito.ru,TRUE
911,sharethis.com,TRUE
914,typeform.com,TRUE
915,kohls.com,TRUE
916,wp.pl,TRUE
920,akismet.com,TRUE
921,my.com,TRUE
922,innovid.com,TRUE
926,vkontakte.ru,TRUE
927,onesignal.com,TRUE
928,cbc.ca,TRUE
930,corriere.it,TRUE
932,smartthings.com,TRUE
933,ancestry.com,TRUE
934,weforum.org,TRUE
936,mediavine.com,TRUE
940,binance.com,TRUE
947,ubnt.com,TRUE
951,asos.com,TRUE
952,mongodb.com,TRUE
953,realtor.com,TRUE
954,flurry.com,TRUE
955,wshareit.com,TRUE
961,apnews.com,TRUE
963,adtelligent.com,TRUE
964,plex.tv,TRUE
965,interia.pl,TRUE
966,mercadolibre.com.ar,TRUE
967,pixiv.net,TRUE
972,abovedomains.com,TRUE
976,tokopedia.com,TRUE
980,expedia.com,TRUE
981,bol.com,TRUE
982,si.com,TRUE
983,eporner.com,TRUE
984,chartbeat.com,TRUE
986,psychologytoday.com,TRUE
990,chess.com,TRUE
992,split.io,TRUE
993,constantcontact.com,TRUE
997,sportskeeda.com,TRUE
999,spankbang.com,TRUE
1003,oculus.com,TRUE
1005,n-able.com,TRUE
1010,redislabs.com,TRUE
1011,pikabu.ru,TRUE
1013,marca.com,TRUE
1019,bidmachine.io,TRUE
1020,mobile.de,TRUE
1022,notamedia.ru,TRUE
1023,surfshark.com,TRUE
1024,plos.org,TRUE
1025,2gis.com,TRUE
1026,redfin.com,TRUE
1027,dribbble.com,TRUE
1028,olx.com.br,TRUE
1029,utexas.edu,TRUE
1031,moneycontrol.com,TRUE
1032,mercadolivre.com.br,TRUE
1033,idnes.cz,TRUE
1034,theconversation.com,TRUE
1039,quizizz.com,TRUE
1040,upenn.edu,TRUE
1041,cloudinary.com,TRUE
1042,n-tv.de,TRUE
1045,marketwatch.com,TRUE
1046,superhosting.bg,TRUE
1047,identrust.com,TRUE
1049,gofundme.com,TRUE
1054,nexusmods.com,TRUE
1055,psu.edu,TRUE
1056,as.com,TRUE
1061,avira.com,TRUE
1062,ameba.jp,TRUE
1063,gsmarena.com,TRUE
1066,terra.com.br,TRUE
1070,abc.net.au,TRUE
1071,goal.com,TRUE
1074,ox.ac.uk,TRUE
1075,reverso.net,TRUE
1076,newyorker.com,TRUE
1079,fortune.com,TRUE
1080,postrelease.com,TRUE
1083,meethue.com,TRUE
1085,bitdefender.net,TRUE
1090,ucla.edu,TRUE
1091,newsweek.com,TRUE
1093,kleinanzeigen.de,TRUE
1095,biomedcentral.com,TRUE
1097,goo.ne.jp,TRUE
1098,uisp.com,TRUE
1099,curseforge.com,TRUE
1102,rightmove.co.uk,TRUE
1103,uchi.ru,TRUE
1108,olx.pl,TRUE
1109,letterboxd.com,TRUE
1110,ipify.org,TRUE
1112,vidoomy.com,TRUE
1117,code.org,TRUE
1119,aparat.com,TRUE
1120,gismeteo.ru,TRUE
1121,lanacion.com.ar,TRUE
1124,finn.no,TRUE
1125,telegraaf.nl,TRUE
1127,quantummetric.com,TRUE
1132,dafont.com,TRUE
1133,apa.org,TRUE
1136,uci.edu,TRUE
1137,detik.com,TRUE
1138,amocrm.ru,TRUE
1139,bmj.com,TRUE
1140,udn.com,TRUE
1141,sciencedaily.com,TRUE
1143,myanimelist.net,TRUE
1146,no-ip.com,TRUE
1147,dmm.co.jp,TRUE
1148,readthedocs.io,TRUE
1153,livescore.com,TRUE
1156,flashscore.com,TRUE
1159,bttrack.com,TRUE
1162,vg.no,TRUE
1163,livedoor.com,TRUE
1164,wyzecam.com,TRUE
1165,digistorm.com,TRUE
1166,dynatrace.com,TRUE
1168,irs.gov,TRUE
1169,tabelog.com,TRUE
1174,gazzetta.it,TRUE
1175,pornpics.com,TRUE
1176,fb.watch,TRUE
1179,tinkoff.ru,TRUE
1180,divar.ir,TRUE
1183,beget.com,TRUE
1184,bfmtv.com,TRUE
1192,varzesh3.com,TRUE
1195,remove.bg,TRUE
1196,garmin.com,TRUE
1197,indiamart.com,TRUE
1198,cricbuzz.com,TRUE
1200,faphouse.com,TRUE
1201,doubleclick.com,TRUE
1204,youporn.com,TRUE
1205,xhamster.desi,TRUE
1206,digikala.com,TRUE
1209,magazineluiza.com.br,TRUE
1210,hitomi.la,TRUE
1211,egnyte.com,TRUE
1215,rule34video.com,TRUE
1217,umn.edu,TRUE
1218,espncricinfo.com,TRUE
1219,index.hr,TRUE
1220,terabox.app,TRUE
1221,mercadolibre.com.mx,TRUE
1222,expressen.se,TRUE
1223,kakaku.com,TRUE
1226,zdnet.com,TRUE
1227,marktplaats.nl,TRUE
1228,redtube.com,TRUE
1230,missav.com,TRUE
1243,wordreference.com,TRUE
1244,1024tera.com,TRUE
1245,ebay.it,TRUE
1248,hotpepper.jp,TRUE
1249,wpengine.com,TRUE
1253,merkur.de,TRUE
1255,ria.com,TRUE
1257,asu.edu,TRUE
1258,milliyet.com.tr,TRUE
1261,coursera.org,TRUE
1265,auone.jp,TRUE
1267,trustarc.com,TRUE
1268,tabor.ru,TRUE
1269,byjus.com,TRUE
1274,fastcompany.com,TRUE
1277,boyfriendtv.com,TRUE
1280,tvn24.pl,TRUE
1284,coppel.com,TRUE
1285,kundelik.kz,TRUE
1287,cdiscount.com,TRUE
1288,dlsite.com,TRUE
1290,dagbladet.no,TRUE
1295,python.org,TRUE
1296,noodlemagazine.com,TRUE
1297,oecd.org,TRUE
1298,subito.it,TRUE
1299,mynet.com,TRUE
1301,studocu.com,TRUE
1302,sciencemag.org,TRUE
1303,dcinside.com,TRUE
1306,granbluefantasy.jp,TRUE
1307,substack.com,TRUE
1308,tsn.ua,TRUE
1312,futbin.com,TRUE
1314,youjizz.com,TRUE
1315,ilmessaggero.it,TRUE
1318,dw.com,TRUE
1319,fmkorea.com,TRUE
1320,actu.fr,TRUE
1321,dantri.com.vn,TRUE
1322,nesine.com,TRUE
1325,gartner.com,TRUE
1328,thisvid.com,TRUE
1329,txxx.com,TRUE
1330,haberler.com,TRUE
1332,ekstrabladet.dk,TRUE
1334,aznude.com,TRUE
1335,imhentai.xxx,TRUE
1336,jut.su,TRUE
1337,yts.mx,TRUE
1338,ficbook.net,TRUE
1339,medicalnewstoday.com,TRUE
1342,oreilly.com,TRUE
1343,xhamster2.com,TRUE
1349,itmedia.co.jp,TRUE
1350,4kporn.xxx,TRUE
1351,iporntv.net,TRUE
1353,asuratoon.com,TRUE
1357,love4porn.com,TRUE
1360,kompoz2.com,TRUE
1361,peachavocado.com,TRUE
1362,jable.tv,TRUE
1363,cnnindonesia.com,TRUE
1366,sexvid.xxx,TRUE
1367,ok.xxx,TRUE
1368,hdtube.porn,TRUE
1369,oricon.co.jp,TRUE
1371,xvideos2.com,TRUE
1372,cardgames.io,TRUE
1374,xnxx.tv,TRUE
1375,tenki.jp,TRUE
1376,cnbcindonesia.com,TRUE
1377,xnxx.health,TRUE
1378,cronista.com,TRUE
1379,litnet.com,TRUE
1381,ilmeteo.it,TRUE
1384,hanime1.me,TRUE
1385,fanpage.it,TRUE
1386,syosetu.com,TRUE
1387,sun.com,TRUE
1390,suumo.jp,TRUE
1391,pornhat.com,TRUE
1393,3bmeteo.com,TRUE
1394,inven.co.kr,TRUE
1395,shahvani.com,TRUE
1397,iltalehti.fi,TRUE
1400,betnacional.com,TRUE
1402,bigo.sg,TRUE
1403,nintendo.com,TRUE
1404,russianfood.com,TRUE
1405,amarujala.com,TRUE
1407,science.org,TRUE
1408,ppomppu.co.kr,TRUE
1410,funnyjunk.com,TRUE
1411,mathplayground.com,TRUE
1417,gamewith.jp,TRUE
1418,hqporner.com,TRUE
1421,imagefap.com,TRUE
1422,xhwide4.com,TRUE
1424,khabaronline.ir,TRUE
1428,xnxx2.com,TRUE
1429,jutarnji.hr,TRUE
1431,carsensor.net,TRUE
1432,programme-tv.net,TRUE
1434,protothema.gr,TRUE
1437,snaptik.app,TRUE
1439,ajio.com,TRUE
1440,blic.rs,TRUE
1441,motherless.com,TRUE
1442,karnataka.gov.in,TRUE
1446,haber7.com,TRUE
1447,kooora.com,TRUE
1450,fc2.com,TRUE
1456,mat6tube.com,TRUE
1457,livehindustan.com,TRUE
1458,ruliweb.com,TRUE
1459,game8.jp,TRUE
1460,almasryalyoum.com,TRUE
1461,aajtak.in,TRUE
1462,spiegel.de,TRUE
1463,ssstik.io,TRUE
1465,namasha.com,TRUE
1466,bookmyshow.com,TRUE
1468,mangago.me,TRUE
1473,mangabuddy.com,TRUE
1476,rezka.ag,TRUE
1479,9animetv.to,TRUE
1482,fapello.com,TRUE
1484,caliente.mx,TRUE
1487,mangakakalot.com,TRUE
1488,pussyspace.com,TRUE
1493,sxyprn.com,TRUE
1494,snapinsta.app,TRUE
1495,topmanhua.com,TRUE
1496,manganato.com,TRUE
1497,xhamster1.desi,TRUE
1502,verkada.com,TRUE
1506,sportybet.com,TRUE
1507,serviporno.com,TRUE
1508,trilltrill.jp,TRUE
1509,fararu.com,TRUE
1510,lausd.net,TRUE
1511,jav.guru,TRUE
1513,mechacomic.jp,TRUE
1514,freshsexvideos.com,TRUE
1516,betway.co.za,TRUE
1517,spankbang.party,TRUE
1518,tukif.com,TRUE
1520,visortmo.com,TRUE
1521,singular.net,TRUE
1522,xvideos.es,TRUE
1526,supjav.com,TRUE
1527,xhtab3.com,TRUE
1530,xxxvideo.link,TRUE
1532,hot-sex-tube.com,TRUE
1533,doujindesu.tv,TRUE
1535,upwitheaway.info,TRUE
1536,ninisite.com,TRUE
1538,pari-match-bet.in,TRUE
1539,ifilo.net,TRUE
1540,saednews.com,TRUE
1542,wnacg.com,TRUE
1543,sikayetvar.com,TRUE
1545,netkeiba.com,TRUE
1546,sexvid.pro,TRUE
1548,azet.sk,TRUE
1550,gdz.ru,TRUE
1553,chordtela.com,TRUE
1554,xosodaiphat.com,TRUE
1556,pornocarioca.com,TRUE
1557,freeip.me,TRUE
1559,beboo.ru,TRUE
1561,lxtgame.com,TRUE
1563,utoronto.ca,TRUE
1564,hibiny.ru,TRUE
1566,mangaschan.net,TRUE
1569,toyhou.se,TRUE
1571,prokerala.com,TRUE
1573,croxyproxy.com,TRUE
1575,imgsrc.ru,TRUE
1577,xxx-sex.one,TRUE
1578,emaktab.uz,TRUE
1579,jiocinema.com,TRUE
1581,hochi.news,TRUE
1583,xnxx3.com,TRUE
1586,yako.red,TRUE
1589,secureserver.net,TRUE
1590,altibbi.com,TRUE
1593,storysaver.net,TRUE
1594,theqoo.net,TRUE
1599,dramacool.com.pa,TRUE
1603,zinmanga.com,TRUE
1604,anybunny.org,TRUE
1605,yallakora.com,TRUE
1607,999.md,TRUE
1609,battwo.com,TRUE
1610,syosetu.org,TRUE
1612,conectate.com.do,TRUE
1613,truyenfull.vn,TRUE
1614,extra.cz,TRUE
1615,xoso.com.vn,TRUE
1617,publi24.ro,TRUE
1618,mamastar.jp,TRUE
1622,humoruniv.com,TRUE
1624,aljazeera.com,TRUE
1626,tamilyogi.plus,TRUE
1631,zbporn.tv,TRUE
1633,tjsp.jus.br,TRUE
1634,sarkariresult.com,TRUE
1635,dogdrip.net,TRUE
1637,piccoma.com,TRUE
1641,xnxx.luxe,TRUE
1647,freepornvideo.sex,TRUE
1653,sexemodel.com,TRUE
1655,sex4arab.xxx,TRUE
1656,nz.ua,TRUE
1657,goindian.net,TRUE
1658,betika.com,TRUE
1660,manga168.com,TRUE
1663,porno18.site,TRUE
1665,550909.com,TRUE
1668,timenews.co.id,TRUE
1669,sexelarab.com,TRUE
1671,sex-arabi.com,TRUE
1674,coco.gg,TRUE
1675,toxx.org,TRUE
1676,okxxx1.com,TRUE
1677,milf33.com,TRUE
1678,pornhat.one,TRUE
1679,pomorska.pl,TRUE
1680,nosv.org,TRUE
1681,kamababa.desi,TRUE
1683,av19.org,TRUE
1684,doublelist.com,TRUE
1685,tmohentai.com,TRUE
1686,yaoilib.me,TRUE
1688,vietjack.com,TRUE
1690,in3x.net,TRUE
1693,ojogodobicho.com,TRUE
1694,xxxbfvideos.net,TRUE
1695,sexvid.porn,TRUE
1696,latamairlines.com,TRUE
1697,simpli.fi,TRUE
1698,clip2vip.com,TRUE
1699,olimpbet.kz,TRUE
1700,82xnxx.com,TRUE
1703,escortbabylon.net,TRUE
1706,czbooks.net,TRUE
1707,shaalaa.com,TRUE
1709,girlschannel.net,TRUE
1710,enabiz.gov.tr,TRUE
1711,screenconnect.com,TRUE
1712,evernote.com,TRUE
1715,az24.vn,TRUE
1718,deezer.com,TRUE
1719,flashscore.mobi,TRUE
1720,tamildhool.net,TRUE
1721,dewafilm.xyz,TRUE
1724,rainberrytv.com,TRUE
1725,boatrace.jp,TRUE
1728,bakusai.com,TRUE
1729,flashscore.com.ve,TRUE
1730,hotxv.com,TRUE
1734,geny.com,TRUE
1735,animanch.com,TRUE
1737,wuxiabee.com,TRUE
1739,slashlib.me,TRUE
1741,xnxxx.xyz,TRUE
1745,kkstories.com,TRUE
1746,site777.jp,TRUE
1754,hindixxxhd.com,TRUE
1755,satta-king-fast.com,TRUE
1756,gali-result.in,TRUE
1757,satta-king-fixed-no.in,TRUE
1759,tvguia.es,TRUE
1763,hnext.jp,TRUE
1769,novelmax.net,TRUE
1772,isaidub6.com,TRUE
1773,heo69.top,TRUE
1776,keralalotterytoday.com,TRUE
1777,kolkataff.in,TRUE
1779,newtoki319.com,TRUE
1780,xvideosporno.blog.br,TRUE
1782,peacocktv.com,TRUE
1784,moviesda9.com,TRUE
1785,simontokx.art,TRUE
1789,sakura.ne.jp,TRUE
1790,vox.com,TRUE
1794,scientificamerican.com,TRUE
1795,goguardian.com,TRUE
1796,cnnbrasil.com.br,TRUE
1801,tripod.com,TRUE
1805,digg.com,TRUE
1808,adswizz.com,TRUE
1809,perfectdomain.com,TRUE
1811,liftoff.io,TRUE
1815,anydesk.com,TRUE
1817,inc.com,TRUE
1820,admin.ch,TRUE
1821,mirror.co.uk,TRUE
1822,tgju.org,TRUE
1825,xhtree.com,TRUE
1826,acronis.com,TRUE
1827,hinet.net,TRUE
1829,fitbit.com,TRUE
1836,truste.com,TRUE
1837,bbb.org,TRUE
1838,skyeng.ru,TRUE
1839,arstechnica.com,TRUE
1840,immobiliare.it,TRUE
1841,kontur.ru,TRUE
1842,meb.gov.tr,TRUE
1844,oraclecloud.com,TRUE
1846,cmu.edu,TRUE
1847,dashlane.com,TRUE
1848,property24.com,TRUE
1850,computrabajo.com,TRUE
1868,daily.co.jp,TRUE
1874,filgoal.com,TRUE
1875,aniwatchtv.to,TRUE
1879,vtb.ru,TRUE
1880,gendai.media,TRUE
1881,thetimes.co.uk,TRUE
1882,sofifa.com,TRUE
1883,sex-studentki.best,TRUE
1885,manhuascan.io,TRUE
1886,casinoplus.com.ph,TRUE
1888,alarbda.com,TRUE
1889,ucsd.edu,TRUE
1895,gizmodo.com,TRUE
1898,anchor.fm,TRUE
1900,newtoki.vip,TRUE
1902,photobucket.com,TRUE
1903,getbootstrap.com,TRUE
1911,wapbold.net,TRUE
1918,vuasex.co,TRUE
1919,slate.com,TRUE
1921,yedherex.com,TRUE
1922,fao.org,TRUE
1924,bokepmama.hair,TRUE
1932,jetbrains.com,TRUE
1935,5movierulz.pet,TRUE
1940,oxtubez1.name,TRUE
1942,hdhub4u.ist,TRUE
1946,elegantthemes.com,TRUE
1949,americanexpress.com,TRUE
1951,revopush.com,TRUE
1958,jhu.edu,TRUE
1959,simontokx.info,TRUE
1966,filmyfly.fans,TRUE
1967,tantelover.pro,TRUE
1969,dictionary.com,TRUE
1970,hdhub4u.mov,TRUE
1971,segment.com,TRUE
1974,5movierulz.vet,TRUE
1975,matterport.com,TRUE
1976,newtoki323.com,TRUE
1977,newtoki321.com,TRUE
1978,newtoki322.com,TRUE
1979,therealxh3.com,TRUE
1980,drift.com,TRUE
1982,dotmovies.rsvp,TRUE
1989,mapbox.com,TRUE
1992,smi2.net,TRUE
1996,guardian.co.uk,TRUE
1997,thelancet.com,TRUE
1998,privacymanager.io,TRUE
2003,ultradns.com,TRUE
2007,vidazoo.com,TRUE
2008,techtarget.com,TRUE
2009,entrepreneur.com,TRUE
2011,iana.org,TRUE
2012,si.edu,TRUE
2013,umbrella.com,TRUE
2014,sitemaps.org,TRUE
2015,timeanddate.com,TRUE
2016,squareup.com,TRUE
2017,gdemoideti.ru,TRUE
2019,wunderground.com,TRUE
2020,usgs.gov,TRUE
2023,stumbleupon.com,TRUE
2027,locaweb.com.br,TRUE
2032,proofpoint.com,TRUE
2033,wetransfer.com,TRUE
2034,admanmedia.com,TRUE
2045,jamanetwork.com,TRUE
2046,samokat.ru,TRUE
2047,afternic.com,TRUE
2048,sectigo.com,TRUE
2054,logitech.com,TRUE
2055,mimecast.com,TRUE
2056,sfgate.com,TRUE
2057,gotowebinar.com,TRUE
2061,rt.com,TRUE
2063,ad-delivery.net,TRUE
2070,webs.com,TRUE
2071,eyeota.net,TRUE
2074,hhs.gov,TRUE
2075,xbox.com,TRUE
2078,jino.ru,TRUE
2079,medallia.com,TRUE
2086,siriusxm.com,TRUE
2090,ria.ru,TRUE
2092,osu.edu,TRUE
2093,bumble.com,TRUE
2096,hoster.kz,TRUE
2097,citrix.com,TRUE
2098,nikkei.com,TRUE
2099,wellsfargo.com,TRUE
2100,pages.dev,TRUE
2101,pcmag.com,TRUE
2103,ny.gov,TRUE
2104,livescience.com,TRUE
2109,spaceweb.ru,TRUE
2114,sendbird.com,TRUE
2120,adp.com,TRUE
2122,waze.com,TRUE
2126,stripchat.com,TRUE
2128,stat-rock.com,TRUE
2129,moengage.com,TRUE
2130,variety.com,TRUE
2133,smadex.com,TRUE
2134,orange.fr,TRUE
2135,arizona.edu,TRUE
2137,gog.com,TRUE
2138,zuora.com,TRUE
2140,express.co.uk,TRUE
2144,sl.pt,TRUE
2146,parsely.com,TRUE
2147,indiegogo.com,TRUE
2149,su89-cdn.net,TRUE
2151,thawte.com,TRUE
2152,unicef.org,TRUE
2160,ssa.gov,TRUE
2162,pandasecurity.com,TRUE
2163,like.video,TRUE
2164,snapkit.com,TRUE
2168,nubank.com.br,TRUE
2169,iheart.com,TRUE
2170,tenable.com,TRUE
2172,comodoca.com,TRUE
2173,inleed.net,TRUE
2175,bizjournals.com,TRUE
2179,tawk.to,TRUE
2181,revcontent.com,TRUE
2184,rollingstone.com,TRUE
2185,techradar.com,TRUE
2186,purdue.edu,TRUE
2190,fool.com,TRUE
2192,aarp.org,TRUE
2194,pwc.com,TRUE
2198,earthlink.net,TRUE
2205,appboy.com,TRUE
2207,capcut.com,TRUE
2208,yotpo.com,TRUE
2213,globenewswire.com,TRUE
2217,netscape.com,TRUE
2220,dhs.gov,TRUE
2223,sweb.ru,TRUE
2227,adsco.re,TRUE
2229,tapjoy.com,TRUE
2231,sec.gov,TRUE
2232,nextdoor.com,TRUE
2234,msu.edu,TRUE
2236,themoviedb.org,TRUE
2244,acm.org,TRUE
2245,e-planning.net,TRUE
2249,smh.com.au,TRUE
2254,itv.com,TRUE
2255,metro.co.uk,TRUE
2257,clevelandclinic.org,TRUE
2262,cxense.com,TRUE
2263,nejm.org,TRUE
2264,qz.com,TRUE
2265,rakuten.com,TRUE
2272,unc.edu,TRUE
2273,hse.ru,TRUE
2276,welt.de,TRUE
2279,united.com,TRUE
2280,today.com,TRUE
2292,vihub.ru,TRUE
2295,scmp.com,TRUE
2300,lge.com,TRUE
2301,mitre.org,TRUE
2302,euronews.com,TRUE
2303,adsmoloco.com,TRUE
2304,glassdoor.com,TRUE
2305,ticketmaster.com,TRUE
2312,geotrust.com,TRUE
2315,itu.int,TRUE
2319,umd.edu,TRUE
2328,mixcloud.com,TRUE
2329,flipboard.com,TRUE
2330,medlineplus.gov,TRUE
2331,adkernel.com,TRUE
2332,thehill.com,TRUE
2335,istockphoto.com,TRUE
2337,bigcartel.com,TRUE
2339,overwolf.com,TRUE
2344,auth0.com,TRUE
2348,accenture.com,TRUE
2351,system-monitor.com,TRUE
2352,primis.tech,TRUE
2354,urbanairship.com,TRUE
2355,armgs.team,TRUE
2361,dbs.com,TRUE
2363,evidon.com,TRUE
2365,wps.com,TRUE
2366,hostpoint.ch,TRUE
2374,theglobeandmail.com,TRUE
2375,hindustantimes.com,TRUE
2378,useinsider.com,TRUE
2380,smithsonianmag.com,TRUE
2387,zynga.com,TRUE
2389,history.com,TRUE
2393,bounceexchange.com,TRUE
2394,justice.gov,TRUE
2400,hpe.com,TRUE
2403,ubc.ca,TRUE
2409,colorado.edu,TRUE
2418,parklogic.com,TRUE
2419,lww.com,TRUE
2420,energy.gov,TRUE
2421,starmakerstudios.com,TRUE
2423,evergage.com,TRUE
2424,sportradar.com,TRUE
2425,archives.gov,TRUE
2427,drupal.org,TRUE
2428,fotostrana.ru,TRUE
2434,rutube.ru,TRUE
2436,automattic.com,TRUE
2438,malwarebytes.com,TRUE
2440,allrecipes.com,TRUE
2443,sonicwall.com,TRUE
2445,gameanalytics.com,TRUE
2447,illinois.edu,TRUE
2448,kampyle.com,TRUE
2449,smilewanted.com,TRUE
2458,treasuredata.com,TRUE
2461,esquire.com,TRUE
2462,venturebeat.com,TRUE
2463,northwestern.edu,TRUE
2464,foodnetwork.com,TRUE
2469,constellix.com,TRUE
2471,spectrum.com,TRUE
2472,tamu.edu,TRUE
2473,soom.la,TRUE
2479,bitly.com,TRUE
2481,icq.com,TRUE
2483,ndtv.com,TRUE
2484,nazwa.pl,TRUE
2489,hollywoodreporter.com,TRUE
2490,uhc.com,TRUE
2491,drweb.com,TRUE
2492,dnsimple.com,TRUE
2495,slashdot.org,TRUE
2498,libsyn.com,TRUE
2501,home.pl,TRUE
2504,site.com,TRUE
2505,nymag.com,TRUE
2507,connectad.io,TRUE
2511,audible.com,TRUE
2533,serverdata.net,TRUE
2535,workers.dev,TRUE
2538,pruffme.com,TRUE
2540,acuityplatform.com,TRUE
2543,gamespot.com,TRUE
2544,dot.gov,TRUE
2550,shopeemobile.com,TRUE
2552,kueezrtb.com,TRUE
2554,cookiebot.com,TRUE
2556,grafana.com,TRUE
2558,imf.org,TRUE
2560,chinadaily.com.cn,TRUE
2561,bigolive.tv,TRUE
2564,ably.io,TRUE
2565,pushwoosh.com,TRUE
2567,bitnami.com,TRUE
2568,braze.eu,TRUE
2570,last.fm,TRUE
2572,parallels.com,TRUE
2579,lifehacker.com,TRUE
2581,likee.video,TRUE
2583,moz.com,TRUE
2589,ad-score.com,TRUE
2590,samsclub.com,TRUE
2592,localytics.com,TRUE
2593,a-ads.com,TRUE
2595,phys.org,TRUE
2596,digitaltrends.com,TRUE
2597,easybrain.com,TRUE
2599,technologyreview.com,TRUE
2602,ipinfo.io,TRUE
2605,a2hosting.com,TRUE
2610,wistia.com,TRUE
2626,cosmopolitan.com,TRUE
2628,askona.ru,TRUE
2629,ibb.co,TRUE
2630,fortinet.com,TRUE
2631,ycombinator.com,TRUE
2636,virginia.edu,TRUE
2637,remotepc.com,TRUE
2639,thedailybeast.com,TRUE
2641,cpi.ad.jp,TRUE
2648,intercom.com,TRUE
2650,intercomcdn.com,TRUE
2655,yutex.ru,TRUE
2658,thomsonreuters.com,TRUE
2663,axios.com,TRUE
2665,hootsuite.com,TRUE
2667,about.me,TRUE
2669,hh.ru,TRUE
2670,vkplay.ru,TRUE
2671,intermedia.net,TRUE
2675,standard.co.uk,TRUE
2678,jivox.com,TRUE
2680,mcm.ru,TRUE
2683,chron.com,TRUE
2686,nfl.com,TRUE
2694,lg.com,TRUE
2695,heart.org,TRUE
2696,goodhousekeeping.com,TRUE
2697,avito.st,TRUE
2698,instructables.com,TRUE
2699,zeit.de,TRUE
2702,us.com,TRUE
2706,yastatic.net,TRUE
2707,demandbase.com,TRUE
2709,netgate.com,TRUE
2716,theiconic.com.au,TRUE
2723,otm-r.com,TRUE
2727,amazon.com.au,TRUE
2729,foxbusiness.com,TRUE
2734,flaticon.com,TRUE
2735,moe.video,TRUE
2739,meta.com,TRUE
2740,mathworks.com,TRUE
2743,discovery.com,TRUE
2746,elle.com,TRUE
2747,adingo.jp,TRUE
2749,urbandictionary.com,TRUE
2757,livestream.com,TRUE
2758,rutgers.edu,TRUE
2765,starlink.com,TRUE
2767,lenta.ru,TRUE
2768,perl.org,TRUE
2769,thoughtco.com,TRUE
2770,nexon.com,TRUE
2775,tizen.org,TRUE
2778,elastic.co,TRUE
2779,attdealer.biz,TRUE
2780,logmein.com,TRUE
2782,mystrikingly.com,TRUE
2783,ispot.tv,TRUE
2784,webflow.com,TRUE
2788,leagueoflegends.com,TRUE
2789,aa.com,TRUE
2793,olympics.com,TRUE
2795,france24.com,TRUE
2797,joomla.org,TRUE
2807,itau.com.br,TRUE
2812,csdn.net,TRUE
2813,brookings.edu,TRUE
2814,rottentomatoes.com,TRUE
2817,accor.com,TRUE
2819,contentstack.io,TRUE
2822,net-line.pro,TRUE
2824,semanticscholar.org,TRUE
2828,gettyimages.com,TRUE
2829,zeotap.com,TRUE
2831,vogue.com,TRUE
2833,woocommerce.com,TRUE
2834,focus.de,TRUE
2836,pastebin.com,TRUE
2840,cbre.com,TRUE
2842,nicovideo.jp,TRUE
2843,boston.com,TRUE
2846,iterable.com,TRUE
2847,ucoz.ru,TRUE
2848,nsw.gov.au,TRUE
2855,theregister.com,TRUE
2857,duosecurity.com,TRUE
2858,toyota.com,TRUE
2862,comodo.com,TRUE
2866,rumble.com,TRUE
2872,trafficjunky.net,TRUE
2875,narod.ru,TRUE
2880,apptentive.com,TRUE
2884,thrtle.com,TRUE
2886,utah.edu,TRUE
2888,shutterfly.com,TRUE
2890,kp.ru,TRUE
2896,helpshift.com,TRUE
2898,undp.org,TRUE
2899,arkoselabs.com,TRUE
2900,zdf.de,TRUE
2901,vanityfair.com,TRUE
2903,mapquest.com,TRUE
2906,db.com,TRUE
2907,iop.org,TRUE
2910,woo.com,TRUE
2911,wufoo.com,TRUE
2915,tenor.com,TRUE
2916,ex.co,TRUE
2917,ucsb.edu,TRUE
2918,hgtv.com,TRUE
2919,databricks.com,TRUE
2921,he.net,TRUE
2923,wikidot.com,TRUE
2924,rainbird.com,TRUE
2928,bodis.com,TRUE
2931,griffith.edu.au,TRUE
2933,clickup.com,TRUE
2936,smartsheet.com,TRUE
2944,sena.edu.co,TRUE
2946,tubitv.com,TRUE
2947,zeasn.tv,TRUE
2949,bell.ca,TRUE
2951,sproutsocial.com,TRUE
2955,okx.com,TRUE
2957,code42.com,TRUE
2960,pavietnam.vn,TRUE
2962,paramountplus.com,TRUE
2964,nurd.com,TRUE
2969,dish.com,TRUE
2980,thehindu.com,TRUE
2981,texas.gov,TRUE
2988,clickagy.com,TRUE
2990,vrbo.com,TRUE
2997,liveintent.com,TRUE
3001,houzz.com,TRUE
3004,thebalancemoney.com,TRUE
3006,wustl.edu,TRUE
3008,likeevideo.ru,TRUE
3009,softonic.com,TRUE
3010,crunchbase.com,TRUE
3011,transcend.io,TRUE
3012,ncsu.edu,TRUE
3016,zend.com,TRUE
3021,boredpanda.com,TRUE
3023,carfax.com,TRUE
3026,cbslocal.com,TRUE
3027,thefreedictionary.com,TRUE
3028,lsu.edu,TRUE
3030,cbssports.com,TRUE
3032,lg.co.kr,TRUE
3034,citi.com,TRUE
3036,newsbreak.com,TRUE
3037,userway.org,TRUE
3048,acorns.com,TRUE
3049,sueddeutsche.de,TRUE
3050,seekingalpha.com,TRUE
3053,ipvanish.com,TRUE
3057,wpastra.com,TRUE
3058,stuff.co.nz,TRUE
3061,loopia.se,TRUE
3067,groupon.com,TRUE
3068,heise.de,TRUE
3069,brightspace.com,TRUE
3074,indiana.edu,TRUE
3075,insider.com,TRUE
3079,greenpeace.org,TRUE
3080,ipserver.su,TRUE
3087,dynect.net,TRUE
3089,fliphtml5.com,TRUE
3092,siteforce.com,TRUE
3097,imagemagick.org,TRUE
3098,nzherald.co.nz,TRUE
3100,fifa.com,TRUE
3104,ow.ly,TRUE
3106,lonelyplanet.com,TRUE
3107,kinopoisk.ru,TRUE
3113,ohchr.org,TRUE
3114,flightradar24.com,TRUE
3115,patch.com,TRUE
3117,mk.ru,TRUE
3123,over-blog.com,TRUE
3126,pardot.com,TRUE
3132,qnap.com,TRUE
3135,mimecast.net,TRUE
3139,afreecatv.com,TRUE
3140,infolinks.com,TRUE
3148,pitt.edu,TRUE
3155,bleacherreport.com,TRUE
3160,timeout.com,TRUE
3161,centos.org,TRUE
3166,ipcc.ch,TRUE
3169,archlinux.org,TRUE
3172,thesaurus.com,TRUE
3175,olx.ua,TRUE
3177,likee.com,TRUE
3178,tass.ru,TRUE
3180,my-salesforce-scrt.com,TRUE
3182,video.az,TRUE
3184,huggingface.co,TRUE
3185,notion.site,TRUE
3191,feedly.com,TRUE
3194,irishtimes.com,TRUE
3197,globalnews.ca,TRUE
3198,finam.ru,TRUE
3199,sputniknews.com,TRUE
3201,4shared.com,TRUE
3202,loom.com,TRUE
3204,pcworld.com,TRUE
3205,cuny.edu,TRUE
3211,mountain.com,TRUE
3213,onaudience.com,TRUE
3214,brand-display.com,TRUE
3215,ctvnews.ca,TRUE
3221,affirm.com,TRUE
3222,iinet.net.au,TRUE
3223,acer.com,TRUE
3226,xero.com,TRUE
3228,my-force-user-content.com,TRUE
3229,space.com,TRUE
3230,gotomeeting.com,TRUE
3233,500px.com,TRUE
3235,rg.ru,TRUE
3241,sba.gov,TRUE
3244,msnbc.com,TRUE
3246,channel4.com,TRUE
3247,wps.cn,TRUE
3248,southwest.com,TRUE
3250,uscis.gov,TRUE
3251,hrw.org,TRUE
3252,getyourguide.com,TRUE
3254,sprinklr.com,TRUE
3257,hawaii.edu,TRUE
3260,foresee.com,TRUE
3261,safety.google,TRUE
3262,com.com,TRUE
3263,abc.es,TRUE
3265,geeksforgeeks.org,TRUE
3266,leparisien.fr,TRUE
3267,georgetown.edu,TRUE
3268,tufts.edu,TRUE
3270,eurekalert.org,TRUE
3271,kinghost.com.br,TRUE
3272,jpush.cn,TRUE
3274,livemint.com,TRUE
3276,rr.com,TRUE
3277,justhost.ru,TRUE
3279,exacttarget.com,TRUE
3282,verywellmind.com,TRUE
3283,ciscospark.com,TRUE
3287,uoregon.edu,TRUE
3288,myfitnesspal.com,TRUE
3294,fyber.com,TRUE
3297,menshealth.com,TRUE
3298,yolasite.com,TRUE
3299,thestar.com,TRUE
3300,gatech.edu,TRUE
3302,anyclip.com,TRUE
3307,thestreet.com,TRUE
3313,sfu.ca,TRUE
3318,nhl.com,TRUE
3320,wipo.int,TRUE
3324,nyt.com,TRUE
3325,mfms.ru,TRUE
3326,vanguard.com,TRUE
3328,cymru.com,TRUE
3338,qualys.com,TRUE
3342,dnevnik.ru,TRUE
3346,entergy.com,TRUE
3349,zoominfo.com,TRUE
3356,santander.com.br,TRUE
3360,uniqlo.com,TRUE
3363,gm.com,TRUE
3372,admixer.net,TRUE
3374,webflow.io,TRUE
3380,msi.com,TRUE
3381,sciencealert.com,TRUE
3382,nielsen.com,TRUE
3383,netsuite.com,TRUE
3384,mheducation.com,TRUE
3385,breitbart.com,TRUE
3392,avg.com,TRUE
3396,afrinic.net,TRUE
3402,ctnsnet.com,TRUE
3404,deadline.com,TRUE
3406,securly.com,TRUE
3412,pushimg.com,TRUE
3413,looker.com,TRUE
3414,9gag.com,TRUE
3420,insightexpressai.com,TRUE
3421,mcgill.ca,TRUE
3426,sape.ru,TRUE
3427,computerworld.com,TRUE
3428,draftkings.com,TRUE
3434,histats.com,TRUE
3436,mercari.com,TRUE
3440,nos.nl,TRUE
3441,zuimeitianqi.com,TRUE
3444,aljazeera.net,TRUE
3446,wireshark.org,TRUE
3452,osha.gov,TRUE
3454,tagesspiegel.de,TRUE
3455,jio.com,TRUE
3458,tunein.com,TRUE
3462,aylanetworks.com,TRUE
3464,snopes.com,TRUE
3467,sina.com,TRUE
3468,thenextweb.com,TRUE
3471,tutu.ru,TRUE
3474,etc.uz,TRUE
3475,bedbathandbeyond.com,TRUE
3477,pushnami.com,TRUE
3481,celtra.com,TRUE
3483,turbosquid.com,TRUE
3485,hybrid.ai,TRUE
3490,media6degrees.com,TRUE
3491,huffingtonpost.co.uk,TRUE
3492,shopee.vn,TRUE
3493,hotmart.com,TRUE
3495,picsart.com,TRUE
3496,nbcsports.com,TRUE
3498,tomsguide.com,TRUE
3502,adthrive.com,TRUE
3504,volusion.com,TRUE
3507,kolesa.kz,TRUE
3514,smi2.ru,TRUE
3515,ihc.ru,TRUE
3517,zscaler.com,TRUE
3519,drugs.com,TRUE
3523,india.com,TRUE
3524,sportradarserving.com,TRUE
3525,metmuseum.org,TRUE
3526,uiowa.edu,TRUE
3528,rochester.edu,TRUE
3529,womenshealthmag.com,TRUE
3532,bankrate.com,TRUE
3533,fema.gov,TRUE
3536,oath.com,TRUE
3539,eagleeyenetworks.com,TRUE
3541,unsw.edu.au,TRUE
3544,news24.com,TRUE
3549,orf.at,TRUE
3550,victoriassecret.com,TRUE
3553,libero.it,TRUE
3556,redcross.org,TRUE
3557,morningstar.com,TRUE
3560,liberation.fr,TRUE
3563,dominos.com,TRUE
3566,galaxydata.ru,TRUE
3567,fubo.tv,TRUE
3568,chip.de,TRUE
3571,profi.ru,TRUE
3577,bitrix.info,TRUE
3578,lse.ac.uk,TRUE
3579,ps.kz,TRUE
3580,mobilefuse.com,TRUE
3583,nessus.org,TRUE
3588,colorlib.com,TRUE
3589,pa.gov,TRUE
3591,ansa.it,TRUE
3593,xhamsterlive.com,TRUE
3595,independent.ie,TRUE
3596,businessweek.com,TRUE
3599,edx.org,TRUE
3600,pypi.org,TRUE
3601,oxfordjournals.org,TRUE
3602,browsiprod.com,TRUE
3603,yomiuri.co.jp,TRUE
3605,oregonstate.edu,TRUE
3606,blismedia.com,TRUE
3607,ahcdn.com,TRUE
3608,ew.com,TRUE
3609,poshmark.com,TRUE
3610,experian.com,TRUE
3611,verywellhealth.com,TRUE
3612,umass.edu,TRUE
3619,shawcable.net,TRUE
3620,zenon.net,TRUE
3622,michaels.com,TRUE
3628,brown.edu,TRUE
3630,zebra.com,TRUE
3634,findlaw.com,TRUE
3641,rusprofile.ru,TRUE
3653,wurl.com,TRUE
3655,lunalabs.io,TRUE
3656,ricoh.co.jp,TRUE
3657,phpbb.com,TRUE
3663,hrblock.com,TRUE
3665,vanderbilt.edu,TRUE
3667,blackberry.com,TRUE
3668,hbomax.com,TRUE
3673,piano.io,TRUE
3676,arduino.cc,TRUE
3677,atl-paas.net,TRUE
3678,selectel.ru,TRUE
3680,pcgamer.com,TRUE
3681,dickssportinggoods.com,TRUE
3683,adidas.com,TRUE
3685,nbc.com,TRUE
3687,perl.com,TRUE
3688,rsc.org,TRUE
3691,bitwarden.com,TRUE
3695,ualberta.ca,TRUE
3704,adweek.com,TRUE
3705,wasabisys.com,TRUE
3707,pananames.com,TRUE
3710,archdaily.com,TRUE
3711,ultimate-guitar.com,TRUE
3713,mindbodyonline.com,TRUE
3714,bell-labs.com,TRUE
3717,note.com,TRUE
3719,shopee.ph,TRUE
3720,news18.com,TRUE
3726,depositphotos.com,TRUE
3731,batch.com,TRUE
3732,firstvds.ru,TRUE
3733,shorturl.at,TRUE
3734,answers.com,TRUE
3735,the-sun.com,TRUE
3738,fsu.edu,TRUE
3739,tide.co,TRUE
3740,emirates.com,TRUE
3745,theregister.co.uk,TRUE
3746,garant.ru,TRUE
3747,similarweb.com,TRUE
3748,evolutionstarbucks.com,TRUE
3751,studentaid.gov,TRUE
3752,bustle.com,TRUE
3757,tomshardware.com,TRUE
3761,reolink.com,TRUE
3762,spectrum.net,TRUE
3764,newegg.com,TRUE
3765,crazygames.com,TRUE
3766,dallasnews.com,TRUE
3767,hindawi.com,TRUE
3769,metoffice.gov.uk,TRUE
3770,officedepot.com,TRUE
3771,barrons.com,TRUE
3774,statsig.com,TRUE
3775,atlasobscura.com,TRUE
3776,bcg.com,TRUE
3777,uga.edu,TRUE
3778,opentable.com,TRUE
3780,aliexpress.ru,TRUE
3782,skysports.com,TRUE
3784,telstra.com,TRUE
3787,linecorp.com,TRUE
3789,udel.edu,TRUE
3792,traveloka.com,TRUE
3793,awin1.com,TRUE
3796,eonline.com,TRUE
3797,eurodns.com,TRUE
3800,shopee.tw,TRUE
3801,popularmechanics.com,TRUE
3802,iastate.edu,TRUE
3803,customer.io,TRUE
3810,mvideo.ru,TRUE
3811,tf1.fr,TRUE
3816,quantcast.com,TRUE
3817,charter.com,TRUE
3818,gs.com,TRUE
3823,dreamstime.com,TRUE
3826,gamesradar.com,TRUE
3827,hostinger.com,TRUE
3829,govdelivery.com,TRUE
3830,unhcr.org,TRUE
3831,chewy.com,TRUE
3832,max.com,TRUE
3833,shopee.com.my,TRUE
3837,wallpapers.com,TRUE
3839,reasonsecurity.com,TRUE
3840,nj.com,TRUE
3842,edna.ru,TRUE
3848,vrt.be,TRUE
3851,es.io,TRUE
3853,on.net,TRUE
3857,control4.com,TRUE
3859,worldcat.org,TRUE
3861,medtronic.com,TRUE
3862,worldometers.info,TRUE
3863,techsmith.com,TRUE
3864,tailscale.com,TRUE
3866,lifewire.com,TRUE
3874,flipsnack.com,TRUE
3876,pub.network,TRUE
3878,knowbe4.com,TRUE
3879,straitstimes.com,TRUE
3880,cookieyes.com,TRUE
3881,thousandeyes.com,TRUE
3883,bbcgoodfood.com,TRUE
3884,emojipedia.org,TRUE
3888,thespruce.com,TRUE
3892,sprinthost.ru,TRUE
3897,next.co.uk,TRUE
3898,dmm.com,TRUE
3899,iea.org,TRUE
3900,unam.mx,TRUE
3901,theknot.com,TRUE
3902,ti.com,TRUE
3908,foreignpolicy.com,TRUE
3917,roche.com,TRUE
3922,boostmobile.com,TRUE
3925,macrumors.com,TRUE
3927,ko-fi.com,TRUE
3929,iu.edu,TRUE
3936,telstra.com.au,TRUE
3937,jivosite.com,TRUE
3939,docusign.com,TRUE
3942,washingtontimes.com,TRUE
3945,apnic.net,TRUE
3952,hubpages.com,TRUE
3955,liveinternet.ru,TRUE
3970,ensighten.com,TRUE
3971,monday.com,TRUE
3975,thekitchn.com,TRUE
3976,aif.ru,TRUE
3977,clicktripz.com,TRUE
3981,biglobe.ne.jp,TRUE
3982,vseinstrumenti.ru,TRUE
3987,popsci.com,TRUE
3988,marketo.com,TRUE
3990,ngs.ru,TRUE
3994,banki.ru,TRUE
3995,dyn.com,TRUE
3999,rediff.com,TRUE
4000,envato.com,TRUE